clusterId;exampleTweet;tree-5;tree-10;tree2;linear-svm;poly-svm;rbf-svm;sigmoid-svm;tree-5-no5;tree-10-no5;tree2-no5;linear-svm-no5;poly-svm-no5;rbf-svm-no5;sigmoid-svm-no5;tree-majority;svm-majority
1;"rebel-held zone of syria's aleppo braces for renewed bombardment ";1;1;1;1;1;1;1;1;1;1;1;1;1;1;1;1
1;"rebel-held zone of syria's aleppo braces for renewed bombardment ";1;1;1;1;1;1;1;1;1;1;1;1;1;1;1;1
1;"rebel-held zone of syria's aleppo braces for renewed bombardment ";1;1;1;1;1;1;1;1;1;1;1;1;1;1;1;1
2;"rebel-held zone of syria‚Äôs aleppo braces for renewed bombardment  ";1;0;0;1;1;1;1;1;1;0;1;1;1;1;0;1
2;"rebel-held zone of syria's aleppo braces for renewed bombardment - daily mail via  world";1;0;0;1;1;1;1;1;1;0;1;1;1;1;0;1
2;"rebel-held zone of syria's aleppo braces for renewed bombardment - daily mail ";1;0;0;1;1;1;1;1;1;0;1;1;1;1;0;1
3;"u.n. says can't use russian aleppo pause to send aid ";0;0;0;1;1;1;1;0;0;0;1;1;1;1;0;1
3;"u.n. says can't use russian aleppo pause to send aid  ÿßŸÑÿ®ÿ≠ÿ±ŸäŸÜ arabspring ÿßŸÑŸÇÿØÿ≥";0;0;0;1;1;1;1;0;0;0;1;1;1;1;0;1
3;"u.n. says can't use russian aleppo pause to send aid ";0;0;0;1;1;1;1;0;0;0;1;1;1;1;0;1
4;"u.n. says can't use russian aleppo pause to send aid  usa bbc politics";0;0;0;1;1;1;1;0;0;0;1;1;1;1;0;1
4;"u.n. says can't use russian aleppo pause to send aid  australia reuters";0;0;0;1;1;1;1;0;0;0;1;1;1;1;0;1
4;"u.n. says can't use russian aleppo pause to send aid via /r/worldnews ";0;0;0;1;1;1;1;0;0;0;1;1;1;1;0;1
5;"un says can't use russian aleppo pause to send aid - thomson reuters foundation  indianews";0;1;1;1;1;1;1;0;0;0;1;1;1;1;0;1
5;"un says can‚Äôt use russian aleppo pause to send aid ‚Äì thomson reuters¬†foundation ";0;1;1;1;1;1;1;0;0;0;1;1;1;1;0;1
5;" u.n. says can't use russian aleppo pause to...  cute wcw follow ";0;1;1;1;1;1;1;0;0;0;1;1;1;1;0;1
6;""‚Äòi saw my father dying‚Äô: a view from aleppo‚Äôs government-held side" by anne barnard via nyt the new york times ";0;0;0;1;1;1;1;0;0;0;1;1;1;1;0;1
6;""‚Äòi saw my father dying‚Äô: a view from aleppo‚Äôs government-held side" by anne barnard via nyt the new york times ";0;0;0;1;1;1;1;0;0;0;1;1;1;1;0;1
6;""‚Äòi saw my father dying‚Äô: a view from aleppo‚Äôs government-held side" by anne barnard via nyt the new york times ";0;0;0;1;1;1;1;0;0;0;1;1;1;1;0;1
7;"new york (ny) times: &amp;x2018;i saw my father dying': a view from aleppo&amp;x2019;s government-held side";0;0;0;0;0;0;0;0;0;0;0;0;0;0;0;0
7;"en otras noticias: ‚Äòi saw my father dying‚Äô: a view from aleppo‚Äôs government-held side  xalapa";0;0;0;0;0;0;0;0;0;0;0;0;0;0;0;0
7;"en otras noticias: ‚Äòi saw my father dying‚Äô: a view from aleppo‚Äôs government-held side  xalapa";0;0;0;0;0;0;0;0;0;0;0;0;0;0;0;0
8;""‚Äòi saw my father dying‚Äô: a view from aleppo‚Äôs government-held side" ";0;0;0;0;0;0;0;0;0;0;0;0;0;0;0;0
8;""‚Äòi saw my father dying‚Äô: a view from aleppo‚Äôs government-held side" by anne barnard via n‚Ä¶  ";0;0;0;0;0;0;0;0;0;0;0;0;0;0;0;0
8;""‚Äòi saw my father dying‚Äô: a view from aleppo‚Äôs government-held side" by anne barnard via n‚Ä¶  ";0;0;0;0;0;0;0;0;0;0;0;0;0;0;0;0
9;""‚Äòi saw my father dying‚Äô: a view from aleppo‚Äôs government-held side" von anne barnard in der nyt the new york times ";0;0;0;0;0;0;0;0;0;0;0;0;0;0;0;0
9;""‚Äòi saw my father dying‚Äô: a view from aleppo‚Äôs government-held side" the new york times  g‚Ä¶ ";0;0;0;0;0;0;0;0;0;0;0;0;0;0;0;0
9;"yaadlinksradio: "‚Äòi saw my father dying‚Äô: a view from aleppo‚Äôs government-held side" by anne barnard via nyt the n‚Ä¶ ";0;0;0;0;0;0;0;0;0;0;0;0;0;0;0;0
10;"aleppo evacuations to fall flat, rebels prevent any exit: syria official ";1;1;1;1;1;1;1;1;1;1;1;1;1;1;1;1
10;"aleppo evacuations to fall flat, rebels prevent any exit: syria official ";1;1;1;1;1;1;1;1;1;1;1;1;1;1;1;1
10;"aleppo evacuations to fall flat, rebels prevent any exit: syria official  ";1;1;1;1;1;1;1;1;1;1;1;1;1;1;1;1
11;"aleppo evacuations to fall flat, rebels prevent any exit - s world haber  ";0;0;0;0;0;0;0;0;0;0;0;0;0;0;0;0
11;"centcom alepposiege russia reuters: aleppo evacuations to fall flat, jfs prevent any exit: syria official ";0;0;0;0;0;0;0;0;0;0;0;0;0;0;0;0
11;"aleppo evacuations to fall flat, rebels prevent any exit - s world haber  ";0;0;0;0;0;0;0;0;0;0;0;0;0;0;0;0
12;"aleppo evacuations to fall flat, rebels prevent any exit: syrian official  ";0;0;0;0;0;0;0;0;0;0;0;0;0;0;0;0
12;"syrian official aleppo evacuations to fall flat, rebels prevent any exit!";0;0;0;0;0;0;0;0;0;0;0;0;0;0;0;0
12;"ucwradio  aleppo evacuations to fall flat, rebels prevent any exit: syria official  news";0;0;0;0;0;0;0;0;0;0;0;0;0;0;0;0
13;"rebel-held zone of syria's aleppo braces for renewed bombardment: beirut (reuters) - syrian rebels and‚Ä¶  skibabs360";0;0;0;0;0;0;0;0;0;0;0;0;0;0;0;0
13;"rebel-held zone of syria's aleppo braces for renewed bombardment: beirut (reuters) - syrian rebels‚Ä¶  news reuters";0;0;0;0;0;0;0;0;0;0;0;0;0;0;0;0
13;"rebel-held zone of syria's aleppo braces for renewed bombardment  via 
skewered report by reuters";0;0;0;0;0;0;0;0;0;0;0;0;0;0;0;0
14;"rebel-held sector of aleppo braces for renewed bombardment ";0;0;0;0;0;0;0;0;0;0;0;0;0;0;0;0
14;"reuters top news: rebel-held zone of syria‚Äôs aleppo braces for renewed bombardment‚Ä¶  newsintweets";0;0;0;0;0;0;0;0;0;0;0;0;0;0;0;0
14;" rebel-held zone of syria‚Äôs aleppo braces for renewed bombardment headlinesapp";0;0;0;0;0;0;0;0;0;0;0;0;0;0;0;0
15;"russian-declared pause in syria's aleppo broken ";0;0;0;1;1;1;1;0;1;0;1;1;1;1;0;1
15;"russian-declared pause in syria's aleppo broken  ";0;0;0;1;1;1;1;0;1;0;1;1;1;1;0;1
15;"russian-declared pause in syria's aleppo broken ";0;0;0;1;1;1;1;0;1;0;1;1;1;1;0;1
16;"russian-declared pause in syria's aleppo broken  via ap news";0;0;0;0;0;0;0;0;0;0;0;0;0;0;0;0
16;"russian-declared pause in syria's aleppo broken: two russian soldiers and a syrian‚Ä¶ ";0;0;0;0;0;0;0;0;0;0;0;0;0;0;0;0
16;"russian-declared pause in syria‚Äôs aleppo broken ";0;0;0;0;0;0;0;0;0;0;0;0;0;0;0;0
17;"aleppo: 2 russian soldiers injured, media evacuated in militant shelling of humanitarian corridor ";1;1;1;1;1;1;1;1;1;1;1;1;1;1;1;1
17;"aleppo: 2 russian soldiers injured, media evacuated in militant shelling of humanitarian corridor ";1;1;1;1;1;1;1;1;1;1;1;1;1;1;1;1
17;"aleppo: 2 russian soldiers injured, media evacuated in militant shelling ";1;1;1;1;1;1;1;1;1;1;1;1;1;1;1;1
18;"livestream aleppo: russian military streaming pics of humanitarian corridors for militants tcot pjnet  ";1;1;1;1;1;1;1;1;1;1;1;1;1;1;1;1
18;"aleppo: russian military streaming pics of humanitarian corridors for militants live  ";1;1;1;1;1;1;1;1;1;1;1;1;1;1;1;1
18;"aleppo: russian military streaming pics of humanitarian corridors for militants live - rt ";1;1;1;1;1;1;1;1;1;1;1;1;1;1;1;1
19;"rt follow russian defense ministry: 2 russian servicemen lightly wounded in aleppo, syria, area - interfax‚Ä¶ ";0;0;0;1;1;1;1;1;1;0;1;1;1;1;0;1
19;"russian defense ministry: 2 russian servicemen lightly wounded in aleppo, syria, area - interfax";0;0;0;1;1;1;1;1;1;0;1;1;1;1;0;1
19;"russian defense ministry: 2 russian servicemen lightly wounded in aleppo, syria, area - interfax via ";0;0;0;1;1;1;1;1;1;0;1;1;1;1;0;1
20;".don't lose aleppo 2 the elections. read the thumbprint. dontforgetsyria ";1;1;1;1;1;1;1;1;1;1;1;1;1;1;1;1
20;".don't lose aleppo 2 the elections. read the thumbprint. dontforgetsyria ";1;1;1;1;1;1;1;1;1;1;1;1;1;1;1;1
20;".don't lose aleppo 2 the elections. read the thumbprint. dontforgetsyria ";1;1;1;1;1;1;1;1;1;1;1;1;1;1;1;1
21;".dontforgetsyria, putin will use elections to exterminate aleppo in silence. ";1;1;1;1;1;1;1;1;1;1;1;1;1;1;1;1
21;".dontforgetsyria, putin will use elections to exterminate aleppo in silence. ";1;1;1;1;1;1;1;1;1;1;1;1;1;1;1;1
21;".dontforgetsyria, putin will use elections to exterminate aleppo in silence. ";1;1;1;1;1;1;1;1;1;1;1;1;1;1;1;1
22;".activist action to expose putin plan to exterminate 300 000 in aleppo. media dontforgetsyria ";1;1;1;1;1;1;1;1;1;1;1;1;1;1;1;1
22;".activist action to expose putin plan to exterminate 300 000 in aleppo. media dontforgetsyria ";1;1;1;1;1;1;1;1;1;1;1;1;1;1;1;1
22;".activist action to expose putin plan to exterminate 300 000 in aleppo. media dontforgetsyria ";1;1;1;1;1;1;1;1;1;1;1;1;1;1;1;1
23;".clock ticking for east aleppo as russia announce the extermination of 300 000 people. dontforgetsyria";1;1;1;1;1;1;1;1;1;1;1;1;1;1;1;1
23;".clock ticking for east aleppo as russia announce the extermination of 300 000 people. dontforgetsyria";1;1;1;1;1;1;1;1;1;1;1;1;1;1;1;1
23;".clock ticking for east aleppo as russia announces the extermination of 300 000 people. dontforgetsyria";1;1;1;1;1;1;1;1;1;1;1;1;1;1;1;1
24;"russo-syrian humanitarian pause starts in aleppo  middleeast news russia society";0;0;0;1;1;1;1;0;1;0;1;1;1;1;0;1
24;"russo-syrian humanitarian pause starts in aleppo  middleeast news russia society";0;0;0;1;1;1;1;0;1;0;1;1;1;1;0;1
24;"russo-syrian humanitarian pause starts in aleppo  middleeast news russia society";0;0;0;1;1;1;1;0;1;0;1;1;1;1;0;1
25;"an exit has opened for aleppo‚Äôs trapped civilians to leave. but no one is using¬†it ";0;0;0;0;0;0;0;0;0;0;0;0;0;0;0;0
25;"an exit has opened for aleppo's trapped civilians to leave. but no one is using it  ";0;0;0;0;0;0;0;0;0;0;0;0;0;0;0;0
25;"an exit has opened for aleppo's trapped civilians to leave. but no one is using it ";0;0;0;0;0;0;0;0;0;0;0;0;0;0;0;0
26;".russia will 'annihilate' aleppo while you will be busy by elections. dontforgetsyria syria ";0;0;1;0;1;0;0;0;0;0;0;1;0;0;0;0
26;".russia will 'annihilate' aleppo while you will be busy by elections. dontforgetsyria syria ";0;0;1;0;1;0;0;0;0;0;0;1;0;0;0;0
26;".russia will 'annihilate' aleppo while you will be busy by elections. dontforgetsyria syria ";0;0;1;0;1;0;0;0;0;0;0;1;0;0;0;0
27;"liberating syria from al qaeda-isis: us-supported terrorists admit taking heavy casualties in aleppo  via ";0;0;0;1;1;1;1;0;0;0;1;1;1;1;0;1
27;"liberating syria from al qaeda-isis: us-supported terrorists admit taking heavy casualties in aleppo  via ";0;0;0;1;1;1;1;0;0;0;1;1;1;1;0;1
27;"qaeda -  liberating syria from al qaeda-isis: us-supported terrorists admit taking heavy casualties in aleppo";0;0;0;1;1;1;1;0;0;0;1;1;1;1;0;1
28;"syrian rebels launch multiple attacks on gov't held aleppo.. related articles:  ";1;1;1;1;1;1;1;0;1;0;1;1;1;1;1;1
28;"syrian rebels launch multiple attacks on gov‚Äôt held aleppo - ";1;1;1;1;1;1;1;0;1;0;1;1;1;1;1;1
28;"rebels launch multiple attacks as russia threatens to 'purge' aleppo  ";1;1;1;1;1;1;1;0;1;0;1;1;1;1;1;1
29;"visions of hell: another day in aleppo, ancient city under siege  ";0;0;0;1;1;1;1;0;0;0;1;1;1;1;0;1
29;"visions of hell: another day in aleppo, ancient city under siege ";0;0;0;1;1;1;1;0;0;0;1;1;1;1;0;1
29;"visions of hell: another day in aleppo, ancient city under siege ";0;0;0;1;1;1;1;0;0;0;1;1;1;1;0;1
30;".putin says to bana: leave or i kill you. dontforgetsyria aleppo ";0;0;0;0;1;0;0;0;0;0;0;1;0;0;0;0
30;".putin says to bana: leave or i kill you. dontforgetsyria aleppo ";0;0;0;0;1;0;0;0;0;0;0;1;0;0;0;0
30;".putin says to bana: leave or i kill you. dontforgetsyria aleppo ";0;0;0;0;1;0;0;0;0;0;0;1;0;0;0;0
31;".aleppo's facts. syria dontforgetsyria ";0;0;1;0;1;0;0;0;0;0;0;1;0;0;0;0
31;".aleppo's facts. syria dontforgetsyria ";0;0;1;0;1;0;0;0;0;0;0;1;0;0;0;0
31;".aleppo's facts. syria dontforgetsyria ";0;0;1;0;1;0;0;0;0;0;0;1;0;0;0;0
32;"russia tells rebels to withdraw from aleppo aleppo ";1;1;1;1;1;1;1;1;1;1;1;1;1;1;1;1
32;"russia tells opposition forces to leave syria‚Äôs aleppo by friday evening  via ";1;1;1;1;1;1;1;1;1;1;1;1;1;1;1;1
32;"russia tells rebels to leave syria's aleppo by friday evening ";1;1;1;1;1;1;1;1;1;1;1;1;1;1;1;1
33;"rebel groups clash with each other in syria's aleppo  by ahmed_ragab via ";1;1;1;1;1;1;1;1;1;1;1;1;1;1;1;1
33;" rebel-held zone of syria's ale...  followme teamfollowback lmao ";1;1;1;1;1;1;1;1;1;1;1;1;1;1;1;1
33;"syria: rebel groups clash with each other in aleppo  ";1;1;1;1;1;1;1;1;1;1;1;1;1;1;1;1
34;"syrian war report ‚Äì november 4, 2016: govt forces repel fierce militant attack in¬†aleppo  ";0;0;0;1;1;1;1;1;1;0;1;1;1;1;0;1
34;"syrian war report ‚Äì november 4, 2016
";0;0;0;1;1;1;1;1;1;0;1;1;1;1;0;1
34;"syrian war report ‚Äì november 4, 2016: govt forces repel fierce militant attack in aleppo  via ";0;0;0;1;1;1;1;1;1;0;1;1;1;1;0;1
35;"a special report from the besieged city of aleppo ";0;0;0;1;1;1;1;0;0;0;1;1;1;1;0;1
35;"crying for aleppo &amp; so much inhumanity! "a special report from the besieged city of aleppo"  iran syria";0;0;0;1;1;1;1;0;0;0;1;1;1;1;0;1
35;"a special report from the besieged city of aleppo ";0;0;0;1;1;1;1;0;0;0;1;1;1;1;0;1
36;"the can't use the russian aleppo pause to deliver aid: "we still do not have the security assurances," spokesman said.";0;0;0;0;0;0;0;0;0;0;0;0;0;0;0;0
36;"they aren't. they can't. ";0;0;0;0;0;0;0;0;0;0;0;0;0;0;0;0
36;"the can't use the russian aleppo pause to deliver aid: "we still do not have the security assurances," spokesman said.";0;0;0;0;0;0;0;0;0;0;0;0;0;0;0;0
37;"aleppo humanitarian pause introduced by russia enters into force ";0;0;0;1;1;1;1;0;1;0;1;1;1;1;0;1
37;"top story: aleppo humanitarian pause introduced by russia enters into force  see more ";0;0;0;1;1;1;1;0;1;0;1;1;1;1;0;1
37;"aleppo humanitarian pause introduced by russia enters into force:  via ";0;0;0;1;1;1;1;0;1;0;1;1;1;1;0;1
38;"syria: buses wait for e. aleppo residents as humanitarian pause gets underway  video";0;0;0;1;1;1;1;1;1;0;1;1;1;1;0;1
38;"syria: buses wait for e. aleppo residents as humanitarian pause gets underway 
video, videonews, news, ruptly, v‚Ä¶";0;0;0;1;1;1;1;1;1;0;1;1;1;1;0;1
38;"syria: buses wait for e. aleppo residents as humanitarian pause gets underway  video";0;0;0;1;1;1;1;1;1;0;1;1;1;1;0;1
39;"russia announces 'humanitarian pause' in syria  video usrc ";1;1;1;1;1;1;1;1;1;1;1;1;1;1;1;1
39;"bushi_jp (journalist)

"live from aleppo as humanitarian pause goes into effect" youtube ";1;1;1;1;1;1;1;1;1;1;1;1;1;1;1;1
39;""live from aleppo as humanitarian pause goes into effect"  youtube  ";1;1;1;1;1;1;1;1;1;1;1;1;1;1;1;1
40;"ÿßŸÑÿßÿ≠Ÿàÿßÿ≤ rt nader_iran: standwithaleppo &amp; with alabedbana &amp; the children of aleppo this sunday 
facebook event:‚Ä¶ ";0;0;0;1;1;1;1;0;0;0;1;1;1;1;0;1
40;"standwithaleppo &amp; with &amp; the children of aleppo this sunday 

facebook event:  ";0;0;0;1;1;1;1;0;0;0;1;1;1;1;0;1
40;"standwithaleppo &amp; with &amp; the children of aleppo this sunday 
facebook event:   ";0;0;0;1;1;1;1;0;0;0;1;1;1;1;0;1
41;"syria rebels shell aleppo evacuation route: state tv (afp)";0;1;1;1;1;1;1;1;1;0;1;1;1;1;1;1
41;"syria rebels shell aleppo evacuation route: state tv (afp)";0;1;1;1;1;1;1;1;1;0;1;1;1;1;1;1
41;"breaking syria rebels shell aleppo evacuation route: state tv";0;1;1;1;1;1;1;1;1;0;1;1;1;1;1;1
42;"aleppo evacuation corridor 'hit by mortar shells' during humanitarian pause  ";0;0;0;1;1;1;1;0;1;0;1;1;1;1;0;1
42;"thenewsclub aleppo evacuation corridor 'hit by mortar shells' during humanitarian pause  ";0;0;0;1;1;1;1;0;1;0;1;1;1;1;0;1
42;"aleppo evacuation corridor 'hit by mortar shells' during humanitarian pause  ";0;0;0;1;1;1;1;0;1;0;1;1;1;1;0;1
43;"moscow saintpetersburg two russian servicemen wounded as militants shell humanitarian corridor in aleppo ";0;0;0;1;1;1;1;0;0;0;1;1;1;1;0;1
43;"two russian servicemen wounded as militants shell humanitarian corridor in¬†aleppo  ";0;0;0;1;1;1;1;0;0;0;1;1;1;1;0;1
43;"two russian servicemen wounded as militants shell humanitarian corridor in¬†aleppo  ";0;0;0;1;1;1;1;0;0;0;1;1;1;1;0;1
44;"inside aleppo: a city divided and awaiting all out war ";0;0;0;1;1;1;1;0;0;0;1;1;1;1;0;1
44;"inside aleppo: a city divided and awaiting all out war - 
dontforgetsyria";0;0;0;1;1;1;1;0;0;0;1;1;1;1;0;1
44;"inside aleppo: a city divided and awaiting all out war ";0;0;0;1;1;1;1;0;0;0;1;1;1;1;0;1
45;"_com: more: evacuation forced rt crew in aleppo to cease live transmissions ";1;1;1;1;1;1;1;1;1;1;1;1;1;1;1;1
45;"more: evacuation forced rt crew in aleppo to cease live transmissions ";1;1;1;1;1;1;1;1;1;1;1;1;1;1;1;1
45;"more: evacuation forced rt crew in aleppo to cease live transmissions ";1;1;1;1;1;1;1;1;1;1;1;1;1;1;1;1
46;"russia‚Äôs ultimatum to break aleppo while all eyes on us elections  via ";0;0;0;1;1;1;1;1;1;0;1;1;1;1;0;1
46;"putin plays with lives as is russia‚Äôs ultimatum to break aleppo while all eyes on us elections  via ";0;0;0;1;1;1;1;1;1;0;1;1;1;1;0;1
46;"russia‚Äôs ultimatum to break aleppo while all eyes on us elections  via ";0;0;0;1;1;1;1;1;1;0;1;1;1;1;0;1
47;".dontfor getsyria in the words of 7 yr old syrian girl 'i am counting my living days in aleppo' ";1;1;1;1;1;1;1;1;1;1;1;1;1;1;1;1
47;".dontforgetsyria in the words of 7 years old syrian girl "i am counting my living days in aleppo" putinterror ";1;1;1;1;1;1;1;1;1;1;1;1;1;1;1;1
47;".dontfor getsyria in the words of 7 yr old syrian girl 'i am counting my living days in aleppo' ";1;1;1;1;1;1;1;1;1;1;1;1;1;1;1;1
48;"russian jets launch first airstrikes over west aleppo ";1;1;1;1;1;1;1;1;1;1;1;1;1;1;1;1
48;"russian jets launch first airstrikes over west aleppo ";1;1;1;1;1;1;1;1;1;1;1;1;1;1;1;1
48;"russian jets launch first airstrikes over west aleppo  apsnynews";1;1;1;1;1;1;1;1;1;1;1;1;1;1;1;1
49;"
syria: al-qaeda launches ‚Äòdo or die‚Äô attempt to break siege of eastern aleppo.";0;0;0;1;1;1;1;0;0;0;1;1;1;1;0;1
49;" ‚ñí syria: al-qaeda launches ‚Äòdo or die‚Äô attempt to break siege of eastern aleppo ";0;0;0;1;1;1;1;0;0;0;1;1;1;1;0;1
49;"syria: al-qaeda launches ‚Äòdo or die‚Äô attempt to break siege of eastern aleppo
";0;0;0;1;1;1;1;0;0;0;1;1;1;1;0;1
50;".putin to aleppo's people: live or die. dontforgetsyria ";0;0;0;0;1;0;0;1;1;0;0;1;0;0;0;0
50;".putin to aleppo's people: live or die. dontforgetsyria ";0;0;0;0;1;0;0;1;1;0;0;1;0;0;0;0
50;".putin to aleppo's people: live or die. dontforgetsyria ";0;0;0;0;1;0;0;1;1;0;0;1;0;0;0;0
51;"10-hour humanitarian pause begins in syria's aleppo, russian defense ministry says - interfax via ";1;1;1;1;1;1;1;0;1;0;1;1;1;1;1;1
51;"10-hour humanitarian pause begins in syria's aleppo, russian defense ministry says - interfax via ";1;1;1;1;1;1;1;0;1;0;1;1;1;1;1;1
51;"russian defense ministry says situation in kanye west is nothing like in aleppo fakeheadlinebot learntocode makeatwitterbot javascript";1;1;1;1;1;1;1;0;1;0;1;1;1;1;1;1
52;"russian drones observe every move islamist rebels make in¬†aleppo  ";1;1;1;1;1;1;1;1;1;1;1;1;1;1;1;1
52;"russian drones observe every move islamist rebels make in aleppo  ";1;1;1;1;1;1;1;1;1;1;1;1;1;1;1;1
52;"russian drones observe every move islamist rebels make in aleppo 
 ";1;1;1;1;1;1;1;1;1;1;1;1;1;1;1;1
53;"lebanon garbage crisis gets helping hand from syrian recyclers aleppo  via ";1;0;1;1;1;1;1;1;1;0;1;1;1;1;1;1
53;"lebanon garbage crisis gets helping hand from syrian recyclers aleppo  ‚Ä¶ via ";1;0;1;1;1;1;1;1;1;0;1;1;1;1;1;1
53;"lebanon garbage crisis gets helping hand from syrian recyclers aleppo  ‚Ä¶ via ";1;0;1;1;1;1;1;1;1;0;1;1;1;1;1;1
54;"breaking: russia says two soldiers 'lightly wounded' in aleppo rebel shelling - afp";1;1;1;1;1;1;1;1;1;1;1;1;1;1;1;1
54;"russia says two soldiers wounded in aleppo shelling ";1;1;1;1;1;1;1;1;1;1;1;1;1;1;1;1
54;"breaking russia says two soldiers 'lightly wounded' in aleppo rebel shelling";1;1;1;1;1;1;1;1;1;1;1;1;1;1;1;1
55;"details: attack targets western part of humanitarian corridor near castello road in aleppo  ";1;1;1;1;1;1;1;1;1;1;1;1;1;1;1;1
55;"‚≠êÔ∏è international ‚Ä¢ two russian officers injured in militants' attack near castello road in aleppo: the russian‚Ä¶‚Ä¶ ";1;1;1;1;1;1;1;1;1;1;1;1;1;1;1;1
55;"details: attack targets western part of humanitarian corridor near castello road in aleppo  ‚Ä¶";1;1;1;1;1;1;1;1;1;1;1;1;1;1;1;1
56;"syria conflict: rebels ramp up attacks on government-held aleppo ";0;0;0;1;1;1;1;1;1;0;1;1;1;1;0;1
56;"syria conflict: rebels ramp up attacks on government-held¬†aleppo  ";0;0;0;1;1;1;1;1;1;0;1;1;1;1;0;1
56;"bbc news - syria conflict: rebels ramp up attacks on government-held aleppo";0;0;0;1;1;1;1;1;1;0;1;1;1;1;0;1
57;"bbc news - syria conflict: east aleppo braces itself for more air strikes ";0;0;0;1;1;1;1;1;1;0;1;1;1;1;0;1
57;"syria conflict: east aleppo braces itself for more air strikes - bbc news  idefy";0;0;0;1;1;1;1;1;1;0;1;1;1;1;0;1
57;"syria conflict: east aleppo braces itself for more air strikes ";0;0;0;1;1;1;1;1;1;0;1;1;1;1;0;1
58;"news owen bennett-jones: aleppo braced  via ";1;0;0;1;1;1;1;1;1;0;1;1;1;1;0;1
58;"owen bennett-jones: aleppo braced for more airstrikes - east aleppo braces itself for airstrikes after rebel fi... ";1;0;0;1;1;1;1;1;1;0;1;1;1;1;0;1
58;"owen bennett-jones: aleppo braced ";1;0;0;1;1;1;1;1;1;0;1;1;1;1;0;1
59;"rebel groups detonate huge car bombs in western aleppo - ";0;0;0;0;1;0;0;0;0;0;0;1;0;0;0;0
59;"rebel groups detonate huge car bombs in western aleppo - ";0;0;0;0;1;0;0;0;0;0;0;1;0;0;0;0
59;"rebel groups detonate huge car bombs in western aleppo - ";0;0;0;0;1;0;0;0;0;0;0;1;0;0;0;0
60;"from aleppo to belfast  ";0;0;0;0;0;0;0;0;0;0;0;0;0;0;0;0
60;"from aleppo to belfast ";0;0;0;0;0;0;0;0;0;0;0;0;0;0;0;0
60;"from aleppo to belfast  ";0;0;0;0;0;0;0;0;0;0;0;0;0;0;0;0
61;"new: from aleppo to belfast ";0;0;0;0;0;0;0;0;0;0;0;0;0;0;0;0
61;"from aleppo to belfast - one man's story (bbc) ";0;0;0;0;0;0;0;0;0;0;0;0;0;0;0;0
61;"from aleppo to belfast  - rt and follow ";0;0;0;0;0;0;0;0;0;0;0;0;0;0;0;0
62;"czech fm announces financial aid for a number of children in aleppo... ";0;0;0;1;1;1;1;0;0;0;1;1;1;1;0;1
62;"czech fm announces financial aid for a number of children in aleppo ";0;0;0;1;1;1;1;0;0;0;1;1;1;1;0;1
62;"czech fm announces financial aid for a number of children in aleppo ";0;0;0;1;1;1;1;0;0;0;1;1;1;1;0;1
63;"your friday morning headlines: brexit theresa_may uselection pharrell aleppo syria earthworm dave ";0;1;1;1;1;1;1;0;1;0;1;1;1;1;0;1
63;"your friday morning headlines: brexit theresa_may uselection pharrell aleppo syria earthworm dave ";0;1;1;1;1;1;1;0;1;0;1;1;1;1;0;1
63;"your friday morning headlines: brexit theresa_may uselection pharrell aleppo syria earthworm dave ";0;1;1;1;1;1;1;0;1;0;1;1;1;1;0;1
64;"putin exposes western hypocrisy on aleppo and mosul  via ";0;0;0;0;1;0;1;0;0;0;0;1;0;1;0;0
64;"brilliant: putin exposes western hypocrisy on aleppo and mosul eddie  ";0;0;0;0;1;0;1;0;0;0;0;1;0;1;0;0
64;"putin exposes western hypocrisy on aleppo and mosul¬†(video)  ";0;0;0;0;1;0;1;0;0;0;0;1;0;1;0;0
65;"ÿßŸÑÿßÿ≠Ÿàÿßÿ≤ fsa news 
south aleppo  fsa forces kills group of hezbollah hiding out in telet ahad with tow missile:  ";0;0;0;1;1;1;1;1;1;0;1;1;1;1;0;1
65;"ÿßŸäÿ±ÿßŸÜ fsa news 
south aleppo  fsa forces kills group of hezbollah hiding out in telet ahad with tow missile:    ‚Ä¶";0;0;0;1;1;1;1;1;1;0;1;1;1;1;0;1
65;"fsa news 
south aleppo  fsa forces kills group of hezbollah hiding out in telet ahad with tow missile:    syria";0;0;0;1;1;1;1;1;1;0;1;1;1;1;0;1
66;"lebanese football player killed by militants in syria‚Äôs aleppo battlefield
-  ";0;0;1;1;1;1;1;0;0;0;1;1;1;1;0;1
66;" lebanese football player killed by militants in syria‚Äôs aleppo battlefield ";0;0;1;1;1;1;1;0;0;0;1;1;1;1;0;1
66;"lebanese football player killed by militants in syria‚Äôs aleppo battlefield
-  ";0;0;1;1;1;1;1;0;0;0;1;1;1;1;0;1
67;"professional lebanese soccer player killed in syria‚Äôs aleppo
 ";0;1;1;1;1;1;1;0;1;0;1;1;1;1;0;1
67;"professional lebanese soccer player martyred in syria‚Äôs aleppo ";0;1;1;1;1;1;1;0;1;0;1;1;1;1;0;1
67;"professional lebanese soccer player killed in syria‚Äôs aleppo  islam muslim deen sunnah hadith quran tafsir";0;1;1;1;1;1;1;0;1;0;1;1;1;1;0;1
68;"ÿ™Ÿáÿ±ÿßŸÜ continued clashes and more human losses in aleppo ";1;1;1;1;1;1;1;1;1;0;1;1;1;1;1;1
68;"ÿ™Ÿáÿ±ÿßŸÜ continued clashes and more human losses in aleppo ";1;1;1;1;1;1;1;1;1;0;1;1;1;1;1;1
68;"continued clashes and more human losses in aleppo ";1;1;1;1;1;1;1;1;1;0;1;1;1;1;1;1
69;"inside aleppo: after you hear the drones, you can sense death  ";0;0;0;1;1;1;1;0;0;0;1;1;1;1;0;1
69;"please read this column by one of care's partners inside aleppo: after you hear the drones, you can sense death ";0;0;0;1;1;1;1;0;0;0;1;1;1;1;0;1
69;"inside aleppo: after you hear the drones, you can sense death   ";0;0;0;1;1;1;1;0;0;0;1;1;1;1;0;1
70;"isis vehicle captured by sdf in northern aleppo.     ";1;1;1;1;1;1;1;1;1;0;1;1;1;1;1;1
70;"isis vehicle captured by sdf in northern aleppo.     ";1;1;1;1;1;1;1;1;1;0;1;1;1;1;1;1
70;"isis vehicle captured by sdf in northern aleppo.     ";1;1;1;1;1;1;1;1;1;0;1;1;1;1;1;1
71;"rebels conduct suicide attack on government held area aleppo üí•  ";1;1;1;1;1;1;1;0;1;0;1;1;1;1;1;1
71;"rebels conduct suicide attack on government held area aleppo üí•  ";1;1;1;1;1;1;1;0;1;0;1;1;1;1;1;1
71;"rebels conduct suicide attack on government-held area aleppo ";1;1;1;1;1;1;1;0;1;0;1;1;1;1;1;1
72;"syria: rebels attack again near aleppo 

 ";0;0;0;0;0;0;0;0;0;0;0;0;0;0;0;0
72;"friday syria daily: rebels attack again near aleppo    ";0;0;0;0;0;0;0;0;0;0;0;0;0;0;0;0
72;"friday syria daily: rebels attack again near aleppo   ";0;0;0;0;0;0;0;0;0;0;0;0;0;0;0;0
73;"syrian rebels renew attack on aleppo ";1;1;1;1;1;1;1;1;1;0;1;1;1;1;1;1
73;"syrian rebels renew attack on aleppo  ";1;1;1;1;1;1;1;1;1;0;1;1;1;1;1;1
73;"syrian rebels renew attack on aleppo ";1;1;1;1;1;1;1;1;1;0;1;1;1;1;1;1
74;"breaking: russian experts collecting evidence of anti-govt chemical attack in aleppo ‚Äì defense ministry ";1;1;1;1;1;1;1;1;1;1;1;1;1;1;1;1
74;"breaking: russian experts collecting evidence of anti-govt chemical attack in aleppo ‚Äì defense ministry ";1;1;1;1;1;1;1;1;1;1;1;1;1;1;1;1
74;"russian experts collecting evidence of anti-govt chemical attack in aleppo ‚Äì defense ministry ";1;1;1;1;1;1;1;1;1;1;1;1;1;1;1;1
75;"your friday headlines: tory mp resigns, marksandspencer closes stores, aleppo, and officialsting plays bataclan ";1;1;1;1;1;1;1;1;1;0;1;1;1;1;1;1
75;"your friday headlines: tory mp resigns, marksandspencer closes stores, aleppo, and officialsting plays bataclan ";1;1;1;1;1;1;1;1;1;0;1;1;1;1;1;1
75;"your friday headlines: tory mp resigns, marksandspencer closes stores, aleppo, and officialsting plays bataclan ";1;1;1;1;1;1;1;1;1;0;1;1;1;1;1;1
76;"inside aleppo: a city braced for another escalation channel4news ";0;0;0;0;0;0;0;0;0;0;0;0;0;0;0;0
76;"inside aleppo: a city braced for another escalation channel4news ";0;0;0;0;0;0;0;0;0;0;0;0;0;0;0;0
76;"inside aleppo: a city braced for another escalation channel4news ";0;0;0;0;0;0;0;0;0;0;0;0;0;0;0;0
77;"sf timefortruth overview of military situation in aleppo city on november 4, 2016  eo ";0;0;0;1;1;1;1;1;1;0;1;1;1;1;0;1
77;"sf timefortruth overview of military situation in aleppo city on november 4, 2016  eo ";0;0;0;1;1;1;1;1;1;0;1;1;1;1;0;1
77;"overview of military situation in aleppo city on november 4, 2016 ";0;0;0;1;1;1;1;1;1;0;1;1;1;1;0;1
78;"reports from aleppo city - 2 november - eng captions  primenews breakingnews";0;0;0;0;0;0;0;0;0;0;0;0;0;0;0;0
78;"reports from aleppo city - 2 november - eng captions  primenews breakingnews";0;0;0;0;0;0;0;0;0;0;0;0;0;0;0;0
78;"reports from aleppo city - 2 november - eng captions  liveleak linenews";0;0;0;0;0;0;0;0;0;0;0;0;0;0;0;0
79;"armed opposition enter new aleppo, engage in street battles with regime forces: rebels syria‚Ä¶ ";0;0;0;1;1;1;1;1;1;0;1;1;1;1;0;1
79;"armed opposition enter new aleppo, engage in street battles with regime forces: rebels syria‚Ä¶ ";0;0;0;1;1;1;1;1;1;0;1;1;1;1;0;1
79;"armed opposition enter new aleppo, engage in street battles with regime forces: rebels syria‚Ä¶ ";0;0;0;1;1;1;1;1;1;0;1;1;1;1;0;1
80;".trump said 2 help russia in syria. no we should stop them! 'moscow military assault on aleppo' ";0;0;0;0;0;0;0;0;0;0;0;0;0;0;0;0
80;".trump said 2 help russia in syria. no we should stop them! 'moscow military assault on aleppo' ";0;0;0;0;0;0;0;0;0;0;0;0;0;0;0;0
80;".trump said 2 help russia in syria. no we should stop them! 'moscow military assault on aleppo' ";0;0;0;0;0;0;0;0;0;0;0;0;0;0;0;0
81;"this is 7 yr old bana alabed
she is under siege in aleppo,syria
in my eyes, she is the anne frank‚Ä¶ ";0;0;0;0;0;0;0;0;0;0;0;0;0;0;0;0
81;"this is 7 yr old bana alabed
she is under siege in aleppo,syria
pls encourage her
many thanks/ a fan of y‚Ä¶ ";0;0;0;0;0;0;0;0;0;0;0;0;0;0;0;0
81;"this is 7 yr old bana alabed
she is under siege in aleppo,syria
in my eyes, she is the anne frank of now
p‚Ä¶ ";0;0;0;0;0;0;0;0;0;0;0;0;0;0;0;0
82;"isil aleppo
üì∑conduct of battles against pkk ne industrial city
 
wonderwoman foxnews2016";0;0;0;0;0;0;0;0;0;0;0;0;0;0;0;0
82;"isil aleppo
üì∑conduct of battles against pkk ne industrial city
 
hillaryindictment cnntbt";0;0;0;0;0;0;0;0;0;0;0;0;0;0;0;0
82;"isil aleppo
üì∑conduct of battles against pkk ne industrial city
 
hillaryindictment cnntbt";0;0;0;0;0;0;0;0;0;0;0;0;0;0;0;0
83;"fear and distrust in aleppo as army offers to let civilians flee - via  ";1;1;1;1;1;1;1;1;1;0;1;1;1;1;1;1
83;"fear and distrust in besieged aleppo as army offers to let civilians flee  ";1;1;1;1;1;1;1;1;1;0;1;1;1;1;1;1
83;"retweeted abc news (
fear and distrust in besieged aleppo as army offers to let civilians flee... ";1;1;1;1;1;1;1;1;1;0;1;1;1;1;1;1
84;"aleppo churches open doors to displaced muslim families ";0;0;0;0;0;0;0;0;0;0;0;0;0;0;0;0
84;"aleppo churches open doors to displaced muslim families  christians deserve to be persecuted.";0;0;0;0;0;0;0;0;0;0;0;0;0;0;0;0
84;"aleppo churches open doors to displaced muslim families  christians deserve to be persecuted.";0;0;0;0;0;0;0;0;0;0;0;0;0;0;0;0
85;"syria aleppo prayers for the peace of syria. 

peace must come to the ancient land. 

";0;0;0;0;0;0;0;0;0;0;0;0;0;0;0;0
85;"syria aleppo prayers for the peace of syria. 

peace must come to the ancient land !

";0;0;0;0;0;0;0;0;0;0;0;0;0;0;0;0
85;"syria aleppo prayers for the peace of syria. 

peace must come to all of the ancient land. 

";0;0;0;0;0;0;0;0;0;0;0;0;0;0;0;0
86;"inside the city of hell and an appalling affront to humanity: our veteran war reporter has‚Ä¶  ";0;0;0;0;0;0;0;0;0;0;0;0;0;0;0;0
86;"inside the city of hell and an appalling affront to humanity: our veteran war reporter has‚Ä¶  ";0;0;0;0;0;0;0;0;0;0;0;0;0;0;0;0
86;"inside the city of hell and an appalling affront to humanity: our veteran war reporter has covered many bloody‚Ä¶ ";0;0;0;0;0;0;0;0;0;0;0;0;0;0;0;0
87;"the latest the insyrianow daily!  thanks to syria aleppo";0;0;0;0;0;0;0;0;0;0;0;0;0;0;0;0
87;"the latest the insyrianow daily!  thanks to syria aleppo";0;0;0;0;0;0;0;0;0;0;0;0;0;0;0;0
87;"the latest the insyrianow daily!  thanks to syria aleppo";0;0;0;0;0;0;0;0;0;0;0;0;0;0;0;0
88;"thanks !!!  semper fi !!!! ";0;0;0;1;1;1;1;1;1;0;1;1;1;1;0;1
88;"the latest the r.a.w.w. scoop daily!  thanks to syria aleppo";0;0;0;1;1;1;1;1;1;0;1;1;1;1;0;1
88;"the latest the christian business daily!  aleppo";0;0;0;1;1;1;1;1;1;0;1;1;1;1;0;1
89;"isis, al-qaeda and the "moderate rebels" are... ";0;0;0;0;0;0;0;0;0;0;0;0;0;0;0;0
89;"isis, al-qaeda and the "moderate rebels" are... ";0;0;0;0;0;0;0;0;0;0;0;0;0;0;0;0
89;"isis, al-qaeda and the "moderate rebels" are... ";0;0;0;0;0;0;0;0;0;0;0;0;0;0;0;0
90;"islamic state, turkey-backed rebels launch simultaneous attacks on kurdish positions positions in aleppo ";0;0;0;1;1;1;1;0;1;0;1;1;1;1;0;1
90;"isis, turkey-backed rebels launch simultaneous attacks on kurdish positions in aleppo ";0;0;0;1;1;1;1;0;1;0;1;1;1;1;0;1
90;"isis, turkey-backed rebels launch simultaneous attacks on kurdish positions in aleppo ";0;0;0;1;1;1;1;0;1;0;1;1;1;1;0;1
91;"syria rebels launch new attacks to end aleppo siege ";0;0;0;0;0;0;0;0;0;0;0;0;0;0;0;0
91;"news: rebels step up battle to end aleppo siege ";0;0;0;0;0;0;0;0;0;0;0;0;0;0;0;0
91;"news: rebels step up battle to end aleppo siege ";0;0;0;0;0;0;0;0;0;0;0;0;0;0;0;0
92;"syria rebels reject russian demand to withdraw from aleppo: rebel official  via ";1;1;1;1;1;1;1;1;1;1;1;1;1;1;1;1
92;"syria rebels reject russian demand to withdraw from aleppo: rebel offici.. related articles: ";1;1;1;1;1;1;1;1;1;1;1;1;1;1;1;1
92;"syria rebels reject russian demand to withdraw from aleppo: rebel official  via ";1;1;1;1;1;1;1;1;1;1;1;1;1;1;1;1
93;"aleppo truce ends with no rebel evacuation - xinhua  ";0;0;0;0;0;0;0;0;0;0;0;0;0;0;0;0
93;"aleppo truce ends with no rebel evacuation - xinhua | ";0;0;0;0;0;0;0;0;0;0;0;0;0;0;0;0
93;"aleppo truce ends with no rebel evacuation - xinhua  ";0;0;0;0;0;0;0;0;0;0;0;0;0;0;0;0
94;"government airstrikes, rebel shelling defy aleppo truce ";0;0;0;0;0;0;0;0;0;0;0;0;0;0;0;0
94;"government airstrikes, rebel shelling defy aleppo truce on friday. syria ";0;0;0;0;0;0;0;0;0;0;0;0;0;0;0;0
94;"government airstrikes, rebel shelling defy aleppo truce on friday. syria ";0;0;0;0;0;0;0;0;0;0;0;0;0;0;0;0
95;"rebels escalate attacks on western aleppo, killing 12 civilians -- news from  ";0;0;0;0;0;0;0;0;0;0;0;0;0;0;0;0
95;"rebels escalate attacks on western aleppo, killing 12 civilians  ";0;0;0;0;0;0;0;0;0;0;0;0;0;0;0;0
95;"rebels escalate attacks on western aleppo, killing 12 civilians -- news from  ";0;0;0;0;0;0;0;0;0;0;0;0;0;0;0;0
96;"| drone footage of failed rebels' attack on 3000 project, western aleppo source: ‚Ä¶ ";1;1;1;1;1;1;1;0;0;0;1;1;1;1;0;1
96;"western part of aleppo ";1;1;1;1;1;1;1;0;0;0;1;1;1;1;0;1
96;"drone footage of failed rebel advance on the western aleppo 3000 apartment projects  syria aleppo saa russia
";1;1;1;1;1;1;1;0;0;0;1;1;1;1;0;1
97;"retweeted oz katerji (
russia has threatened to kill every man, woman &amp; child in east aleppo this... ";0;0;0;0;0;0;0;0;0;0;0;0;0;0;0;0
97;"retweeted oz katerji (
russia has threatened to kill every man, woman &amp; child in east aleppo this... ";0;0;0;0;0;0;0;0;0;0;0;0;0;0;0;0
97;"retweeted oz katerji (
russia has threatened to kill every man, woman &amp; child in east aleppo this... ";0;0;0;0;0;0;0;0;0;0;0;0;0;0;0;0
98;"syria out of 35 doctors left in east aleppo, only 7 are surgeons. many patients in need of urgent specialised car‚Ä¶ ";0;0;0;1;1;1;1;0;0;0;1;1;1;1;0;1
98;"syria out of 35 doctors left in east aleppo, only 7 are surgeons. many patients in need of urgent specialised car‚Ä¶ ";0;0;0;1;1;1;1;0;0;0;1;1;1;1;0;1
98;"bluehand bluehandfamily britainfirst msf: syria out of 35 doctors left in east aleppo, only 7 are surgeons. m‚Ä¶ ";0;0;0;1;1;1;1;0;0;0;1;1;1;1;0;1
99;"in response to moscow‚Äôs truce‚Ä¶the opposition launches ‚Äòaleppo battle 2‚Äô ";0;0;0;0;0;0;0;0;0;0;0;0;0;0;0;0
99;"in response to moscow‚Äôs truce‚Ä¶the opposition
 launches 'aleppo battle 2'

 ";0;0;0;0;0;0;0;0;0;0;0;0;0;0;0;0
99;"in response to moscow‚Äôs truce‚Ä¶the opposition launches ‚Äòaleppo battle 2‚Äô ";0;0;0;0;0;0;0;0;0;0;0;0;0;0;0;0
100;"the remnant in aleppo: muslim lives being transformed by christian witness  christiannews";0;0;0;0;0;0;0;0;0;0;0;0;0;0;0;0
100;"the remnant in aleppo: muslim lives being transformed by christian witness  christiannews";0;0;0;0;0;0;0;0;0;0;0;0;0;0;0;0
100;"the remnant in aleppo: muslim lives being transformed by christian witness ";0;0;0;0;0;0;0;0;0;0;0;0;0;0;0;0
101;"muslims meet christians in aleppo for the first time. ";0;0;0;0;0;0;0;0;0;0;0;0;0;0;0;0
101;"muslims in aleppo meet christians for the first time ";0;0;0;0;0;0;0;0;0;0;0;0;0;0;0;0
101;"muslims in aleppo meet christians for the first time ";0;0;0;0;0;0;0;0;0;0;0;0;0;0;0;0
102;"parish priest of aleppo: christians are the target of many attacks   romereports";0;0;0;0;0;0;0;0;0;0;0;0;0;0;0;0
102;"parish priest of aleppo: christians are the target of many attacks  ";0;0;0;0;0;0;0;0;0;0;0;0;0;0;0;0
102;"parish priest of aleppo: christians are the target of many attacks ";0;0;0;0;0;0;0;0;0;0;0;0;0;0;0;0
103;"isil aleppo
üì∑targeting vso in halab's northern countryside w. mortar rounds ";0;0;0;0;0;0;0;0;0;0;0;0;0;0;0;0
103;"isil aleppo
üì∑targeting vso in halab's northern countryside w. mortar rounds 
nationalsandwichday wonderwoman";0;0;0;0;0;0;0;0;0;0;0;0;0;0;0;0
103;"isil aleppo
üì∑targeting vso in halab's northern countryside w. mortar rounds 
hillaryindictment hamiltonmixtape";0;0;0;0;0;0;0;0;0;0;0;0;0;0;0;0
104;"syria is claims to have attack on turkish tank near telal al-inab south akhtarin, aleppo . terrormonitor
";1;1;1;1;1;1;1;1;1;1;1;1;1;1;1;1
104;"amaqagency second turkish tank damaged after targeting it with a guided missile in the village talil akhtarin aleppo fƒ±ratkalkanƒ± 1 tanküöÆ";1;1;1;1;1;1;1;1;1;1;1;1;1;1;1;1
104;"syria amaaq claim isis svbied targeted euphrates shield fighters near tel jijan south akhtarin aleppo‚Ä¶ ";1;1;1;1;1;1;1;1;1;1;1;1;1;1;1;1
105;".please save the innocent people of aleppo! sanction russia immediately and implement a no-fly zone!";0;0;0;0;0;0;0;0;0;0;0;0;0;0;0;0
105;".please save the innocent people of aleppo! sanction russia immediately and implement a no-fly zone! eusavealeppo";0;0;0;0;0;0;0;0;0;0;0;0;0;0;0;0
105;".please save the innocent people of aleppo! sanction russia immediately and implement a no-fly zone!";0;0;0;0;0;0;0;0;0;0;0;0;0;0;0;0
106;"davidicke: praise mosul, bash aleppo: western media guide for iraq-syria coverage  mosul aleppo";0;0;0;0;0;0;0;0;0;0;0;0;0;0;0;0
106;"praise mosul, bash aleppo: western media guide for iraq-syria coverage: ";0;0;0;0;0;0;0;0;0;0;0;0;0;0;0;0
106;"praise mosul, bash aleppo: western media guide for iraq-syria coverage  mosul aleppo";0;0;0;0;0;0;0;0;0;0;0;0;0;0;0;0
107;"page 15        meat-grinder phase       aleppo 
2 ighimasi jfs
2  sham front militant

( i had two page 1‚Ä¶ ";0;0;0;0;0;0;0;0;0;0;0;0;0;0;0;0
107;"page 15        meat-grinder phase       aleppo 
2 ighimasi jfs
2  sham front militant

( i had two page 1‚Ä¶ ";0;0;0;0;0;0;0;0;0;0;0;0;0;0;0;0
107;" page 12        the meat-grinder phase                           aleppo ";0;0;0;0;0;0;0;0;0;0;0;0;0;0;0;0
108;"adicionei um v√≠deo a uma playlist  army repels attack al nusra launched in west aleppo";0;0;0;0;0;0;0;0;0;0;0;0;0;0;0;0
108;"adicionei um v√≠deo a uma playlist  war | battle of aleppo: heavy clashes and intense urban";0;0;0;0;0;0;0;0;0;0;0;0;0;0;0;0
108;"adicionei um v√≠deo a uma playlist  war october 2016 | battle of aleppo syrian mujahideen (sunni)";0;0;0;0;0;0;0;0;0;0;0;0;0;0;0;0
109;"at least 13 killed in russian airstrike on kafr naha west to aleppo    via ";1;1;1;1;1;1;1;0;0;0;1;1;1;1;0;1
109;"at least 13 killed in russian airstrike on kafr naha west to aleppo ";1;1;1;1;1;1;1;0;0;0;1;1;1;1;0;1
109;"at least 13 killed in russian airstrike on kafr naha west to aleppo    via ";1;1;1;1;1;1;1;0;0;0;1;1;1;1;0;1
110;"russian experts come to aleppo to collect evidence of chemical weapons use ";1;1;1;1;1;1;1;1;1;0;1;1;1;1;1;1
110;"russian experts come to aleppo to collect evidence of chemical weapons use
 ";1;1;1;1;1;1;1;1;1;0;1;1;1;1;1;1
110;"russian experts come to aleppo to collect evidence of chemical weapons use
 ";1;1;1;1;1;1;1;1;1;0;1;1;1;1;1;1
111;"texas news studio update on the russian fleet in the e med and aleppo:  via ";0;0;0;0;0;0;0;0;0;0;0;0;0;0;0;0
111;"texas news studio update with mark meyers on the russian fleet in the e med and aleppo:  via ";0;0;0;0;0;0;0;0;0;0;0;0;0;0;0;0
111;"ver "texas news studio update with mark meyers on the russian fleet in the e med and aleppo" en youtube - ";0;0;0;0;0;0;0;0;0;0;0;0;0;0;0;0
112;"bombed by russian warplanes on alotarb aleppo, syria 11.04.2016 ";0;0;0;0;0;0;0;0;0;0;0;0;0;0;0;0
112;"bombed by russian warplanes on alotarb aleppo, syria 11.04.2016 ";0;0;0;0;0;0;0;0;0;0;0;0;0;0;0;0
112;"bombed by russian warplanes on alotarb aleppo,‚Ä¶ ";0;0;0;0;0;0;0;0;0;0;0;0;0;0;0;0
113;"russia's strategy in aleppo: delay diplomacy until shi'ite militias finish with mosul ";0;0;0;0;0;0;0;0;0;0;0;0;0;0;0;0
113;"russian strategy in aleppo: delay diplomacy, let shi'ite militias finish the job - haaretz ";0;0;0;0;0;0;0;0;0;0;0;0;0;0;0;0
113;"russian strategy in aleppo: delay diplomacy, let shi'ite militias finish the job - middle east news - haaretz ";0;0;0;0;0;0;0;0;0;0;0;0;0;0;0;0
114;"give4syria yes, for syria  is out!  stories via syria aleppo";0;0;0;0;0;0;0;0;0;0;0;0;0;0;0;0
114;"give4syria yes, for syria  is out!  stories via aleppo";0;0;0;0;0;0;0;0;0;0;0;0;0;0;0;0
114;"give4syria yes, for syria  is out!  stories via aleppo";0;0;0;0;0;0;0;0;0;0;0;0;0;0;0;0
115;"syria is out!  ff syria aleppo";0;0;0;0;0;0;0;0;0;0;0;0;0;0;0;0
115;"syria is out!  ff syria aleppo";0;0;0;0;0;0;0;0;0;0;0;0;0;0;0;0
115;"syria is out!  ff syria aleppo";0;0;0;0;0;0;0;0;0;0;0;0;0;0;0;0
116;"demonstrators in london protest aleppo attacks ";0;0;0;0;0;0;0;0;0;0;0;0;0;0;0;0
116;"demonstrators in london protest aleppo attacks - the washington post ";0;0;0;0;0;0;0;0;0;0;0;0;0;0;0;0
116;"demonstrators in london protest aleppo attacks ";0;0;0;0;0;0;0;0;0;0;0;0;0;0;0;0
117;"breaking media release: peace activists blockade in london to protest ‚Äòannihilation‚Äô of aleppo‚Ä¶ ";1;0;0;1;1;1;1;1;1;0;1;1;1;1;0;1
117;"london: peace activists blocking in london to protest annihilation of aleppo city. ";1;0;0;1;1;1;1;1;1;0;1;1;1;1;0;1
117;"peace activists blockade in london to protest ‚Äòannihilation‚Äô of aleppo     ";1;0;0;1;1;1;1;1;1;0;1;1;1;1;0;1
118;"syria conflict: attack on government-held aleppo 'kills 12' - bbc news  syriasvibes‚Ä¶ ";1;1;1;1;1;1;1;1;1;0;1;1;1;1;1;1
118;"bbc news - syria conflict: attack on government-held aleppo 'kills 12' ";1;1;1;1;1;1;1;1;1;0;1;1;1;1;1;1
118;"syria conflict: attack on government-held aleppo 'kills 12' - bbc news  syriasvibes‚Ä¶ ";1;1;1;1;1;1;1;1;1;0;1;1;1;1;1;1
119;"syria rebels renew aleppo attack  ";0;0;1;0;1;0;0;1;1;0;0;1;0;0;0;0
119;"middle east: syria rebels renew aleppo attack before russia ceasefire,state media said at least 12 people had... ";0;0;1;0;1;0;0;1;1;0;0;1;0;0;0;0
119;"syria rebels renew aleppo attack  ";0;0;1;0;1;0;0;1;1;0;0;1;0;0;0;0
120;"iran news the latest: syria rebels dismiss putin's aleppo initiatives  ";1;1;1;1;1;1;1;1;1;0;1;1;1;1;1;1
120;"the latest: syria rebels dismiss putin's aleppo initiatives.. related articles: ";1;1;1;1;1;1;1;1;1;0;1;1;1;1;1;1
120;"iran news the latest: syria rebels dismiss putin's aleppo initiatives  ";1;1;1;1;1;1;1;1;1;0;1;1;1;1;1;1
121;"no aid has reached the east of aleppo since summer jnl102";1;1;1;1;1;1;1;1;1;1;1;1;1;1;1;1
121;"the children of east aleppo  via ";1;1;1;1;1;1;1;1;1;1;1;1;1;1;1;1
121;"un declares syria's east aleppo 'besieged'  ";1;1;1;1;1;1;1;1;1;1;1;1;1;1;1;1
122;""we call on the international community to protect civilians of syria, our children and women. nothing more." care‚Ä¶ ";0;0;0;0;0;0;0;0;0;0;0;0;0;0;0;0
122;""we call on the international community to protect civilians of syria, our children and women. nothing more." care partner in aleppo.";0;0;0;0;0;0;0;0;0;0;0;0;0;0;0;0
122;""we call on the international community to protect civilians of syria, our children and women. nothing more." care‚Ä¶ ";0;0;0;0;0;0;0;0;0;0;0;0;0;0;0;0
123;"russia airstrikes kill 13 people, mostly children, in aleppo  ";0;0;0;1;1;1;1;1;1;0;1;1;1;1;0;1
123;"from the children of aleppo ";0;0;0;1;1;1;1;1;1;0;1;1;1;1;0;1
123;"these are the children of aleppo 
Ÿáÿ§ŸÑÿßÿ° ÿ£ÿ∑ŸÅÿßŸÑ ÿ≠ŸÑÿ® 
aleppoundersiege
standwithaleppo 
 ŸÖŸÑÿ≠ŸÖŸá_ÿ≠ŸÑÿ®_ÿßŸÑŸÉÿ®ÿ±Ÿâ ";0;0;0;1;1;1;1;1;1;0;1;1;1;1;0;1
124;"one family's journey out of the bloody 'tragedy' of eastern aleppo ";0;0;0;1;1;1;1;1;1;0;1;1;1;1;0;1
124;"one family's journey out of the bloody 'tragedy' of eastern aleppo ";0;0;0;1;1;1;1;1;1;0;1;1;1;1;0;1
124;"one family's journey out of the bloody 'tragedy' of eastern aleppo ";0;0;0;1;1;1;1;1;1;0;1;1;1;1;0;1
125;"maybe not...

aleppo "russia‚Äôs position is that there is no military solution to the syria'n issue" dmit‚Ä¶ ";0;0;0;0;0;0;0;0;0;0;0;0;0;0;0;0
125;"exclusive: military trusteeship of russia in aleppo
a24
  by deirezzor24 via ";0;0;0;0;0;0;0;0;0;0;0;0;0;0;0;0
125;"maybe not...

aleppo "russia‚Äôs position is that there is no military solution to the syria'n issue" dmit‚Ä¶ ";0;0;0;0;0;0;0;0;0;0;0;0;0;0;0;0
126;"'you know that everyone has given up on you, they left you alone to face your doom' leaflets dropped on e aleppo t‚Ä¶ ";0;0;0;0;0;0;0;0;0;0;0;0;0;0;0;0
126;"russia to aleppo: "you know that everyone has given up on you. they left you alone to face your doom and nobody w‚Ä¶ ";0;0;0;0;0;0;0;0;0;0;0;0;0;0;0;0
126;"'you know that everyone has given up on you, they left you alone to face your doom' leaflets dropped on e aleppo‚Ä¶ ";0;0;0;0;0;0;0;0;0;0;0;0;0;0;0;0
127;"three disgusting pigs eliminated  !!
3 suqour al sham brigade commanders killed in aleppo

3 suqour al sham... ";0;0;0;1;1;1;1;1;1;0;1;1;1;1;0;1
127;"3 suqour al sham brigade commanders killed in aleppo
 syria ÿ≥Ÿàÿ±Ÿäÿß ÿ≠ŸÑÿ®";0;0;0;1;1;1;1;1;1;0;1;1;1;1;0;1
127;"via 
three suqour al sham brigade (falcons of the levant) commanders killed in aleppo in clashes‚Ä¶ ";0;0;0;1;1;1;1;1;1;0;1;1;1;1;0;1
128;"iraq: flash update ‚Äì aleppo‚Äì 03 november 2016  ";0;0;0;0;0;0;0;0;0;0;0;0;0;0;0;0
128;"iraq: flash update ‚Äì aleppo‚Äì 03 november 2016  ";0;0;0;0;0;0;0;0;0;0;0;0;0;0;0;0
128;"reliefweb iraq: flash update ‚Äì aleppo‚Äì 03 november 2016: source: un office for the coordination of humanitarian‚Ä¶ ";0;0;0;0;0;0;0;0;0;0;0;0;0;0;0;0
129;"sw aleppo: jaish mujahideen struck with a tow a building on tell uhud full of pro-regime forces (said hezbollah).‚Ä¶ ";0;0;0;1;1;1;1;0;0;0;1;1;1;1;0;1
129;"sw aleppo: jaish mujahideen struck with a tow a building on tell uhud full of pro-regime forces (said hezbollah).‚Ä¶ ";0;0;0;1;1;1;1;0;0;0;1;1;1;1;0;1
129;"üò≥sw aleppo: jaish mujahideen struck with a tow a building on tell uhud full of pro-regime forces (said hezbollah). ";0;0;0;1;1;1;1;0;0;0;1;1;1;1;0;1
130;"aleppo could be 'bombed into smithereens', warns john kerry syria ";1;1;1;1;1;1;1;1;1;1;1;1;1;1;1;1
130;"aleppo could be 'bombed into smithereens', warns john kerry 
";1;1;1;1;1;1;1;1;1;1;1;1;1;1;1;1
130;"aleppo could be 'bombed into smithereens', warns john kerry 
";1;1;1;1;1;1;1;1;1;1;1;1;1;1;1;1
131;"he martyred with 7 others in aleppo...he came from a very wealthy family...he is also a friend of messi!";1;1;1;1;1;1;1;1;1;1;1;1;1;1;1;1
131;" i think the west is giving up on aleppo, the reports are slightly more balanced this week";1;1;1;1;1;1;1;1;1;1;1;1;1;1;1;1
131;"aleppo will become graveyard for terrorists";1;1;1;1;1;1;1;1;1;1;1;1;1;1;1;1
132;"russian air force performs multiple airstrikes over aleppo. ";1;1;1;1;1;1;1;1;1;1;1;1;1;1;1;1
132;"fsa news aleppo  fsa forces on 3000 project frontlines today after opening 2nd round of operations to‚Ä¶ ";1;1;1;1;1;1;1;1;1;1;1;1;1;1;1;1
132;"fsa news aleppo  fsa forces on 3000 project frontlines today after opening 2nd round of operations to‚Ä¶ ";1;1;1;1;1;1;1;1;1;1;1;1;1;1;1;1
133;"clashes subside between syrian rebels in city of aleppo - fox news ";0;0;0;0;0;0;0;0;0;0;0;0;0;0;0;0
133;"clashes subside between syrian rebels in city of aleppo - fox news ";0;0;0;0;0;0;0;0;0;0;0;0;0;0;0;0
133;"clashes subside between syrian rebels in city of aleppo - fox news ";0;0;0;0;0;0;0;0;0;0;0;0;0;0;0;0
134;"no words (aleppo, syria, april 2010) ‚Äì¬† ";0;0;0;0;1;1;1;0;0;0;0;1;1;1;0;1
134;"image of the day syria aleppo ";0;0;0;0;1;1;1;0;0;0;0;1;1;1;0;1
134;"16 places that shaped the 2016 election: aleppo, syria aleppo. ";0;0;0;0;1;1;1;0;0;0;0;1;1;1;0;1
135;"front-lines at the saa and  allies controlled area of minyan, western aleppo today syria24

s.m.";1;1;1;1;1;1;1;1;1;1;1;1;1;1;1;1
135;"front-lines at the saa + allies controlled area of minyan, western aleppo today (04/11/2016) ";1;1;1;1;1;1;1;1;1;1;1;1;1;1;1;1
135;"front-lines at the saa and  allies controlled area of minyan, western aleppo today syria24

s.m.";1;1;1;1;1;1;1;1;1;1;1;1;1;1;1;1
136;"us - turkey - saudi backed "moderate" terrorists shelling western aleppo. syria... ";1;1;1;1;1;1;1;1;1;1;1;1;1;1;1;1
136;"channel 4's reports from government-held western aleppo as the city braces for 'all out war' ";1;1;1;1;1;1;1;1;1;1;1;1;1;1;1;1
136;"channel 4's reports from government-held western aleppo as the city braces for 'all out war' ";1;1;1;1;1;1;1;1;1;1;1;1;1;1;1;1
137;"syrian army gains more areaas along aleppo-hama highway ";1;0;0;0;1;1;1;1;1;0;0;1;1;1;0;1
137;"syrian army gains more areaas along aleppo-hama highway ";1;0;0;0;1;1;1;1;1;0;0;1;1;1;0;1
137;"following the previous gains in northern hama,the syrian army gains more area,s along the aleppo-hama highway. ";1;0;0;0;1;1;1;1;1;0;0;1;1;1;0;1
138;"syrian army, allies foil major attack by militants west of aleppo

syrian army and allied forces managed on... ";0;0;0;0;0;0;0;0;0;0;0;0;0;0;0;0
138;"syrian army, allies foil major attack by militants west of aleppo 
middle_east ";0;0;0;0;0;0;0;0;0;0;0;0;0;0;0;0
138;"syrian army, allies foil major attack by militants west of aleppo 
middle_east ";0;0;0;0;0;0;0;0;0;0;0;0;0;0;0;0
139;"putin is threatening to residents of aleppo: "it`s your last chance to leave city alive - 4 november" savealeppo
";0;0;0;1;1;1;1;0;0;0;1;1;1;1;0;1
139;"putin is threatening to residents of aleppo: "it`s your last chance to leave city alive - 4 november" savealeppo";0;0;0;1;1;1;1;0;0;0;1;1;1;1;0;1
139;"putin is threatening to residents of aleppo: "it`s your last chance to leave city alive - 4 november" savealeppo";0;0;0;1;1;1;1;0;0;0;1;1;1;1;0;1
140;"latest: syria crisis: russia offers ‚Äòfinal truce chance‚Äô to aleppo rebels ";0;0;0;0;0;0;0;0;0;0;0;0;0;0;0;0
140;"syria crisis: russia offers ‚Äòfinal truce chance‚Äô to aleppo rebels  via ";0;0;0;0;0;0;0;0;0;0;0;0;0;0;0;0
140;"syria crisis: russia offers ‚Äòfinal truce chance‚Äô to aleppo rebels  v√≠a ";0;0;0;0;0;0;0;0;0;0;0;0;0;0;0;0
141;"putin offers new pause for aleppo.. related articles: ";1;0;0;1;1;1;1;0;0;0;1;1;1;1;0;1
141;"paris las vegas offers new pause, exits for syrian's besieged aleppo fakeheadlinebot learntocode makeatwitterbot javascript";1;0;0;1;1;1;1;0;0;0;1;1;1;1;0;1
141;"putin offers new pause, exits for syrian\'s besieged aleppo ";1;0;0;1;1;1;1;0;0;0;1;1;1;1;0;1
142;"250,000 syrians under siege in aleppo. no food, electricity, or access to medicines. care demands humanitarian a‚Ä¶ ";0;0;0;0;1;0;0;1;1;0;0;1;0;0;0;0
142;"275,000 people are at risk in eastern aleppo. no access to food, electricity or medicine. humanitarian access is vital. savealeppo";0;0;0;0;1;0;0;1;1;0;0;1;0;0;0;0
142;"250,000 syrians under siege in aleppo. no food, electricity, or access to medicines. care demands humanitarian access. savealeppo";0;0;0;0;1;0;0;1;1;0;0;1;0;0;0;0
143;"activists have reported calm as a russian-announced "humanitarian pause" has taken effect in aleppo‚Ä¶ ";0;0;0;0;0;0;0;0;0;0;0;0;0;0;0;0
143;"unilateral truce takes effect in aleppo  ";0;0;0;0;0;0;0;0;0;0;0;0;0;0;0;0
143;"unilateral truce takes effect in aleppo |rferl| ";0;0;0;0;0;0;0;0;0;0;0;0;0;0;0;0
144;"join me in standing with one of the last doctors in aleppo: call on obama and merkel to act now to ...  via ";0;0;0;0;0;0;0;0;0;0;0;0;0;0;0;0
144;"join me in standing with one of the last doctors in aleppo: call on obama and merkel to act now to ...  via ";0;0;0;0;0;0;0;0;0;0;0;0;0;0;0;0
144;"join me in standing with one of the last doctors in aleppo: call on obama and merkel to act now to ...  via ";0;0;0;0;0;0;0;0;0;0;0;0;0;0;0;0
145;"the grains feat charlotte guy (aleppo ";0;0;0;0;0;0;0;0;0;0;0;0;0;0;0;0
145;"the grains feat charlotte guy (aleppo ";0;0;0;0;0;0;0;0;0;0;0;0;0;0;0;0
145;"the grains feat charlotte guy (aleppo ";0;0;0;0;0;0;0;0;0;0;0;0;0;0;0;0
146;"aleppo, a historic city in ruins ";0;0;0;0;0;0;0;0;0;0;0;0;0;0;0;0
146;"aleppo, a historic city in ruins |rferl| ";0;0;0;0;0;0;0;0;0;0;0;0;0;0;0;0
146;"aleppo, a historic city in ruins |rferl| ";0;0;0;0;0;0;0;0;0;0;0;0;0;0;0;0
147;"syrien aleppo old city 23.03.2013  img_7327 ‚Äì¬† ";0;0;0;0;0;0;0;0;0;0;0;0;0;0;0;0
147;"syrien aleppo old city 23.03.2013  img_7327 ‚Äì¬† ";0;0;0;0;0;0;0;0;0;0;0;0;0;0;0;0
147;"syrien aleppo halep 20.12.2012  tr_05640 checkpoint ‚Äì¬† ";0;0;0;0;0;0;0;0;0;0;0;0;0;0;0;0
148;"crazy aleppo war battlefield: syrian brigade uses a grad as a tow and it... ";0;0;0;0;0;0;0;0;0;0;0;0;0;0;0;0
148;"crazy aleppo war battlefield: syrian brigade uses a grad as a tow and it... ";0;0;0;0;0;0;0;0;0;0;0;0;0;0;0;0
148;"crazy aleppo war battlefield: syrian brigade uses a grad as a tow and it¬†works!  ";0;0;0;0;0;0;0;0;0;0;0;0;0;0;0;0
149;"aleppo is at the center of a new cold war  ";0;0;0;0;0;0;0;0;0;0;0;0;0;0;0;0
149;"israel haaretz broadcast by emet_news_press: aleppo is at the center of a new cold war ";0;0;0;0;0;0;0;0;0;0;0;0;0;0;0;0
149;"aleppo is at the center of a new cold war ";0;0;0;0;0;0;0;0;0;0;0;0;0;0;0;0
150;"terrorist groups continue to block civilians' exit from aleppo city ";1;1;1;1;1;1;1;1;1;0;1;1;1;1;1;1
150;"terrorist groups continue to block civilians' exit from aleppo city ";1;1;1;1;1;1;1;1;1;0;1;1;1;1;1;1
150;"terrorist groups continue to block civilians' exit from aleppo city
 ";1;1;1;1;1;1;1;1;1;0;1;1;1;1;1;1
151;"syrian army repels heavy terrorist attacks west of aleppo";1;1;1;1;1;1;1;1;1;0;1;1;1;1;1;1
151;"syrianarmy repels heavy terrorist attacks west of aleppo



syria syriacrisis ";1;1;1;1;1;1;1;1;1;0;1;1;1;1;1;1
151;"rebels major attack on west of aleppo foiled by syrian forces, allies  ";1;1;1;1;1;1;1;1;1;0;1;1;1;1;1;1
152;"death toll from terrorist attacks on aleppo rises to 12, with over ‚Ä¶ ‚Äì al-manar tv¬†";0;0;0;1;1;1;1;0;0;0;1;1;1;1;0;1
152;"army regains control over new areas in damascus countryside, thwarts terrorist attack in aleppo... ";0;0;0;1;1;1;1;0;0;0;1;1;1;1;0;1
152;"army regains control over new areas in damascus countryside, thwarts terrorist attack in aleppo... ";0;0;0;1;1;1;1;0;0;0;1;1;1;1;0;1
153;"aleppo fighting claims 5 soldiers from masyaf, including high-ranking general syria  via ";0;0;0;1;1;1;1;0;1;0;1;1;1;1;0;1
153;"aleppo fighting claims 5 soldiers from masyaf, including high-ranking general syria  via ";0;0;0;1;1;1;1;0;1;0;1;1;1;1;0;1
153;"aleppo fighting claims 5 soldiers from masyaf, including high-ranking general syria  ";0;0;0;1;1;1;1;0;1;0;1;1;1;1;0;1
154;"russia says it pauses fighting in aleppo to allow rebels, residents to leave |  syria";1;1;1;1;1;1;1;1;1;0;1;1;1;1;1;1
154;"russia says it pauses fighting in aleppo to allow rebels, residents to leave  ";1;1;1;1;1;1;1;1;1;0;1;1;1;1;1;1
154;"russia says it pauses fighting in aleppo to allow rebels, residents to leave  ";1;1;1;1;1;1;1;1;1;0;1;1;1;1;1;1
155;"aleppo vid: terrorists break truce, syrian forces, russian jet responded üí•  ";0;0;0;1;1;1;1;0;0;0;1;1;1;1;0;1
155;"aleppo vid: terrorists break truce, syrian forces, russian jet responded  via ";0;0;0;1;1;1;1;0;0;0;1;1;1;1;0;1
155;"aleppo vid: terrorists break truce, syrian forces, russian jet responded  via ";0;0;0;1;1;1;1;0;0;0;1;1;1;1;0;1
156;"terrorists use chemical weapons against civilians in aleppo again
 ";0;1;1;1;1;1;1;0;1;0;1;1;1;1;0;1
156;"terrorists use chemical weapons against civilians in aleppo again
 ";0;1;1;1;1;1;1;0;1;0;1;1;1;1;0;1
156;"terrorists use chemical weapons against civilians in aleppo again
 ";0;1;1;1;1;1;1;0;1;0;1;1;1;1;0;1
157;"'terrorist toaster' admiral kuznetsov is on her way to syria.

and she's not alone.

syria aleppo terrorist‚Ä¶ ";0;0;0;0;0;0;0;0;0;0;0;0;0;0;0;0
157;"'terrorist toaster' admiral kuznetsov is on her way to syria.

and she's not alone.

syria aleppo terrorist‚Ä¶ ";0;0;0;0;0;0;0;0;0;0;0;0;0;0;0;0
157;"'terrorist toaster' admiral kuznetsov is on her way to syria.

and she's not alone.

syria aleppo terrorist‚Ä¶ ";0;0;0;0;0;0;0;0;0;0;0;0;0;0;0;0
158;"panamapapers adult terrorists kill 12, injure 200 in aleppo ";0;0;0;0;0;0;0;0;0;0;0;0;0;0;0;0
158;"terrorists kill 12, injure 200 in aleppo  breakingnews";0;0;0;0;0;0;0;0;0;0;0;0;0;0;0;0
158;"liveleak panamapapers terrorists kill 12, injure 200 in aleppo ";0;0;0;0;0;0;0;0;0;0;0;0;0;0;0;0
159;"moscow saintpetersburg commander of al-nusra(al-qaeda) anti-aircraft regiment killed in aleppo ";0;0;1;1;1;1;1;0;1;0;1;1;1;1;0;1
159;"commander of terrorists' anti-aircraft regiment killed in aleppo  ";0;0;1;1;1;1;1;0;1;0;1;1;1;1;0;1
159;"syrianarmy kills terrorists‚Äô anti-aircraft regiment commander in aleppo
-  ";0;0;1;1;1;1;1;0;1;0;1;1;1;1;0;1


;;;51;51;53;2;8;0;1;56;53;66;2;8;0;1;50;0